{"kind":"Notebook","sha256":"08a96c6519ab9cadcce06906544de77cbbe0a74b1084d7d56413f73269db9021","slug":"es-espectro-vegetacion","location":"/ES_espectro_vegetacion.ipynb","dependencies":[],"frontmatter":{"title":"Espectro vegetacion","content_includes_title":false,"open_access":true,"license":{"content":{"id":"CC-BY-4.0","name":"Creative Commons Attribution 4.0 International","free":true,"CC":true,"url":"https://creativecommons.org/licenses/by/4.0/"}},"thumbnail":"/prospect-20de054373c7e52ca42e6a4b717bc098.png","exports":[{"format":"ipynb","filename":"ES_espectro_vegetacion.ipynb","url":"/ES_espectro_vegetaci-66551c141ad62cadbde0a8a4121deed2.ipynb"}]},"mdast":{"type":"root","children":[{"type":"block","children":[{"type":"paragraph","position":{"start":{"line":2,"column":1},"end":{"line":2,"column":1}},"children":[{"type":"text","value":"Este cuaderno digital interactivo tiene como objetivo demostrar las relaciones entre las propiedades fisico-químicas de la vegetación y el espectro solar.","position":{"start":{"line":2,"column":1},"end":{"line":2,"column":1}},"key":"QZ9LekSj0W"}],"key":"lhX3zLRfDp"},{"type":"paragraph","position":{"start":{"line":4,"column":1},"end":{"line":4,"column":1}},"children":[{"type":"text","value":"Para ello haremos uso de modelos de simulación, en particular de modelos de transferencia radiativa tanto a nivel de hoja individual como a nivel de dosel vegetal.","position":{"start":{"line":4,"column":1},"end":{"line":4,"column":1}},"key":"yITlsRTeoK"}],"key":"KsZgS0K02M"}],"data":{"type":"notebook-content"},"key":"K00QfiJFtx"},{"type":"block","children":[{"type":"heading","depth":2,"position":{"start":{"line":1,"column":1},"end":{"line":1,"column":1}},"children":[{"type":"text","value":"Instrucciones","position":{"start":{"line":1,"column":1},"end":{"line":1,"column":1}},"key":"cDOJUQ32dm"}],"identifier":"instrucciones","label":"Instrucciones","html_id":"instrucciones","implicit":true,"key":"s25Xewd9WY"},{"type":"paragraph","position":{"start":{"line":2,"column":1},"end":{"line":2,"column":1}},"children":[{"type":"text","value":"Lee con detenimiento todo el texto, y sigue sus instrucciones.","position":{"start":{"line":2,"column":1},"end":{"line":2,"column":1}},"key":"UwyG81GeHs"}],"key":"ItKJAzyeIh"},{"type":"paragraph","position":{"start":{"line":4,"column":1},"end":{"line":4,"column":1}},"children":[{"type":"text","value":"Una vez leida cada sección de texto ejecuta la celda de código siguiente (marcada como ","position":{"start":{"line":4,"column":1},"end":{"line":4,"column":1}},"key":"LKbc7GKSAs"},{"type":"inlineCode","value":"In []","position":{"start":{"line":4,"column":1},"end":{"line":4,"column":1}},"key":"GhRUGHdKb9"},{"type":"text","value":") presionando el icono de ","position":{"start":{"line":4,"column":1},"end":{"line":4,"column":1}},"key":"BynXOrKnjw"},{"type":"inlineCode","value":"Run","position":{"start":{"line":4,"column":1},"end":{"line":4,"column":1}},"key":"N6e8L53g87"},{"type":"text","value":"/","position":{"start":{"line":4,"column":1},"end":{"line":4,"column":1}},"key":"cYlMXDdf6v"},{"type":"inlineCode","value":"Ejecutar","position":{"start":{"line":4,"column":1},"end":{"line":4,"column":1}},"key":"tEs87WkJ1n"},{"type":"text","value":" o presionando en el teclado ALT + ENTER. Aparecerá una interfaz gráfica con la que poder realizar las tareas asignadas.","position":{"start":{"line":4,"column":1},"end":{"line":4,"column":1}},"key":"HB3dLd4akT"}],"key":"cqGONWVfzV"},{"type":"paragraph","position":{"start":{"line":6,"column":1},"end":{"line":6,"column":1}},"children":[{"type":"text","value":"Como ejemplo ejectuta la siguiente celda para importar todas  las librerías necesarias para el correcto funcionamiento del cuaderno. Una vez ejecutada debería aparecer un mensaje de agradecimiento.","position":{"start":{"line":6,"column":1},"end":{"line":6,"column":1}},"key":"VVtPcLQeVc"}],"key":"IGZF2iTBFX"}],"data":{"type":"notebook-content"},"key":"OIOme6IeEn"},{"type":"block","children":[{"type":"code","lang":"python","executable":true,"value":"%matplotlib inline\nfrom ipywidgets import interactive, fixed\nfrom IPython.display import display\nfrom functions import prosail_and_spectra as fn","key":"Jhit3Nb7g7"},{"type":"output","id":"rdlu6vidzBhnQVcgBQOUo","data":[{"name":"stdout","output_type":"stream","text":"Gracias! librerías correctamente importadas\nPuedes continuar con las siguientes tareas\n"}],"key":"U8I8nSFlyL"}],"data":{"type":"notebook-code"},"key":"aJZCe8Wre4"},{"type":"block","children":[{"type":"heading","depth":2,"position":{"start":{"line":1,"column":1},"end":{"line":1,"column":1}},"children":[{"type":"text","value":"Espectro de una hoja","position":{"start":{"line":1,"column":1},"end":{"line":1,"column":1}},"key":"m2Mj7GAjLr"}],"identifier":"espectro-de-una-hoja","label":"Espectro de una hoja","html_id":"espectro-de-una-hoja","implicit":true,"key":"nzBTLbU0uH"},{"type":"paragraph","position":{"start":{"line":2,"column":1},"end":{"line":2,"column":1}},"children":[{"type":"text","value":"Las propiedades espectrales de una hoja (tanto su transmisividad, su reflectividad y su absortividad) dependen de su concentración de pigmentos, de su contenido de agua, su peso específico y la estructura interna de sus tejidos.","position":{"start":{"line":2,"column":1},"end":{"line":2,"column":1}},"key":"wpUObaofZf"}],"key":"kT3uID3j4C"},{"type":"paragraph","position":{"start":{"line":4,"column":1},"end":{"line":4,"column":1}},"children":[{"type":"text","value":"Vamos a usar el modelo ProspectD, el cual es una simplificación de la realidad en la que simula el espectro mediante la concentración de clorofilas (","position":{"start":{"line":4,"column":1},"end":{"line":4,"column":1}},"key":"b8TWTjVk6D"},{"type":"inlineCode","value":"Cab","position":{"start":{"line":4,"column":1},"end":{"line":4,"column":1}},"key":"FChy8M5kCY"},{"type":"text","value":"), carotenoides (","position":{"start":{"line":4,"column":1},"end":{"line":4,"column":1}},"key":"culBL7vno2"},{"type":"inlineCode","value":"Car","position":{"start":{"line":4,"column":1},"end":{"line":4,"column":1}},"key":"R2KgVGo7sR"},{"type":"text","value":"), antocianinos (","position":{"start":{"line":4,"column":1},"end":{"line":4,"column":1}},"key":"lHIROdoOAn"},{"type":"inlineCode","value":"Ant","position":{"start":{"line":4,"column":1},"end":{"line":4,"column":1}},"key":"oo8GEeZX3T"},{"type":"text","value":"), así como el peso de agua y por unidad de supeficie (","position":{"start":{"line":4,"column":1},"end":{"line":4,"column":1}},"key":"t2bewSmyUZ"},{"type":"inlineCode","value":"Cw","position":{"start":{"line":4,"column":1},"end":{"line":4,"column":1}},"key":"G12LE58eqF"},{"type":"text","value":") y el peso del resto de la materia seca (","position":{"start":{"line":4,"column":1},"end":{"line":4,"column":1}},"key":"yh0N1jbuhl"},{"type":"inlineCode","value":"Cm","position":{"start":{"line":4,"column":1},"end":{"line":4,"column":1}},"key":"qyW5Gzt7mD"},{"type":"text","value":") que engloba las celulosas, ligninas (responsables principales de la biomasa foliar) y otros componentes proteicos. También incluye un parámetro semi-empírico que representa otros pigmentos responsables del color de las hojas senescentes y enfermas. Además con el fin de simular hojas con distintas estructuras celulares incluye un último parámetro (","position":{"start":{"line":4,"column":1},"end":{"line":4,"column":1}},"key":"NGvdSbMkpv"},{"type":"inlineCode","value":"Nf","position":{"start":{"line":4,"column":1},"end":{"line":4,"column":1}},"key":"QMzMUUHZ3y"},{"type":"text","value":") que emula las distitas capas y tejidos celulares de la hoja.","position":{"start":{"line":4,"column":1},"end":{"line":4,"column":1}},"key":"VTfH2AmAeI"}],"key":"wEMjnE2ouO"},{"type":"container","kind":"figure","identifier":"prospect-fig","label":"prospect-fig","children":[{"type":"image","url":"/prospect-20de054373c7e52ca42e6a4b717bc098.png","width":"600px","alt":"Representación esqueḿatica del modelo Prospect. La hoja se representa por un número de capas (N >= 1) con idénticas propiedades espectrales","data":{"altTextIsAutoGenerated":true},"key":"YPc6SGbOvY","urlSource":"./input/figures/prospect.png"},{"type":"caption","children":[{"type":"paragraph","position":{"start":{"line":12,"column":1},"end":{"line":12,"column":1}},"children":[{"type":"captionNumber","kind":"figure","label":"prospect-fig","identifier":"prospect-fig","html_id":"prospect-fig","enumerator":"1","children":[{"type":"text","value":"Figure ","key":"G1bW4R5VrX"},{"type":"text","value":"1","key":"U5ViGwHAMg"},{"type":"text","value":":","key":"mjDQeGTsuK"}],"template":"Figure %s:","key":"RJ4p3IUW1N"},{"type":"text","value":"Representación esqueḿatica del modelo Prospect. La hoja se representa por un número de capas (N >= 1) con idénticas propiedades espectrales","position":{"start":{"line":12,"column":1},"end":{"line":12,"column":1}},"key":"QLj7QNRzX2"}],"key":"Xx3QogPlmO"}],"key":"eloWye7gLc"}],"enumerator":"1","html_id":"prospect-fig","key":"u7srMUQvtS"},{"type":"admonition","kind":"note","children":[{"type":"admonitionTitle","children":[{"type":"text","value":"Note","key":"ThWYufdii3"}],"key":"CqrgJ8aA1K"},{"type":"paragraph","position":{"start":{"line":18,"column":1},"end":{"line":18,"column":1}},"children":[{"type":"text","value":"Si quieres saber más sobre el modelo ProspectD pincha en esta ","position":{"start":{"line":18,"column":1},"end":{"line":18,"column":1}},"key":"lHIAxpJxxJ"},{"type":"link","url":"./lecturas_adicionales/ProspectD_model.pdf","position":{"start":{"line":18,"column":1},"end":{"line":18,"column":1}},"children":[{"type":"text","value":"publicación","position":{"start":{"line":18,"column":1},"end":{"line":18,"column":1}},"key":"AWeXPW9eaI"}],"urlSource":"./lecturas_adicionales/ProspectD_model.pdf","key":"FkUY0sW4Eu"},{"type":"text","value":".","position":{"start":{"line":18,"column":1},"end":{"line":18,"column":1}},"key":"u6MOsIqIeF"}],"key":"LF7mIO4o5Y"},{"type":"paragraph","position":{"start":{"line":20,"column":1},"end":{"line":20,"column":1}},"children":[{"type":"text","value":"Si quieres más detalles sobre el cálculo y el código del modelo pincha ","position":{"start":{"line":20,"column":1},"end":{"line":20,"column":1}},"key":"tfHs9JJEdc"},{"type":"link","url":"https://github.com/hectornieto/pypro4sail/blob/b111891e0a2c01b8b3fa5ff41790687d31297e5f/pypro4sail/prospect.py#L46","position":{"start":{"line":20,"column":1},"end":{"line":20,"column":1}},"children":[{"type":"text","value":"aquí","position":{"start":{"line":20,"column":1},"end":{"line":20,"column":1}},"key":"bC7Axf9Iir"}],"urlSource":"https://github.com/hectornieto/pypro4sail/blob/b111891e0a2c01b8b3fa5ff41790687d31297e5f/pypro4sail/prospect.py#L46","data":{"kind":"file","org":"hectornieto","repo":"pypro4sail","reference":"b111891e0a2c01b8b3fa5ff41790687d31297e5f","file":"pypro4sail/prospect.py","from":46,"raw":"https://raw.githubusercontent.com/hectornieto/pypro4sail/b111891e0a2c01b8b3fa5ff41790687d31297e5f/pypro4sail/prospect.py"},"internal":false,"protocol":"github","key":"sJnBneHvou"},{"type":"text","value":".","position":{"start":{"line":20,"column":1},"end":{"line":20,"column":1}},"key":"tVQuUFEMKI"}],"key":"IfLr5uZhWe"}],"key":"lJSISmtDp8"},{"type":"paragraph","position":{"start":{"line":23,"column":1},"end":{"line":23,"column":1}},"children":[{"type":"text","value":"Ejecuta la siguiente célula y verás un espectro típico de la hoja. El gráfico muestra tanto la reflectividad (en el eje y) como la transmisividad (en el eje secundario y, con valores invertidos) y la absortividad (como el espacio entre las dos curvas de reflectividad y transmisividad) ","position":{"start":{"line":23,"column":1},"end":{"line":23,"column":1}},"key":"eonxqCbpxI"},{"type":"inlineMath","value":"\\rho + \\tau + \\alpha = 1","position":{"start":{"line":23,"column":1},"end":{"line":23,"column":1}},"html":"<span class=\"katex\"><span class=\"katex-mathml\"><math xmlns=\"http://www.w3.org/1998/Math/MathML\"><semantics><mrow><mi>ρ</mi><mo>+</mo><mi>τ</mi><mo>+</mo><mi>α</mi><mo>=</mo><mn>1</mn></mrow><annotation encoding=\"application/x-tex\">\\rho + \\tau + \\alpha = 1</annotation></semantics></math></span><span class=\"katex-html\" aria-hidden=\"true\"><span class=\"base\"><span class=\"strut\" style=\"height:0.7778em;vertical-align:-0.1944em;\"></span><span class=\"mord mathnormal\">ρ</span><span class=\"mspace\" style=\"margin-right:0.2222em;\"></span><span class=\"mbin\">+</span><span class=\"mspace\" style=\"margin-right:0.2222em;\"></span></span><span class=\"base\"><span class=\"strut\" style=\"height:0.6667em;vertical-align:-0.0833em;\"></span><span class=\"mord mathnormal\" style=\"margin-right:0.1132em;\">τ</span><span class=\"mspace\" style=\"margin-right:0.2222em;\"></span><span class=\"mbin\">+</span><span class=\"mspace\" style=\"margin-right:0.2222em;\"></span></span><span class=\"base\"><span class=\"strut\" style=\"height:0.4306em;\"></span><span class=\"mord mathnormal\" style=\"margin-right:0.0037em;\">α</span><span class=\"mspace\" style=\"margin-right:0.2778em;\"></span><span class=\"mrel\">=</span><span class=\"mspace\" style=\"margin-right:0.2778em;\"></span></span><span class=\"base\"><span class=\"strut\" style=\"height:0.6444em;\"></span><span class=\"mord\">1</span></span></span></span>","key":"i87bG1fZcX"},{"type":"text","value":".","position":{"start":{"line":23,"column":1},"end":{"line":23,"column":1}},"key":"dnW94v3ghC"}],"key":"xrclXzTSDf"},{"type":"paragraph","position":{"start":{"line":25,"column":1},"end":{"line":25,"column":1}},"children":[{"type":"text","value":"Presta atención a cómo y en qué regiones cambia el espectro según el parámetro que modifiques.","position":{"start":{"line":25,"column":1},"end":{"line":25,"column":1}},"key":"BF6jbi6TjD"}],"key":"GQbRgM5ZEn"},{"type":"list","ordered":false,"spread":false,"position":{"start":{"line":26,"column":1},"end":{"line":29,"column":1}},"children":[{"type":"listItem","spread":true,"position":{"start":{"line":26,"column":1},"end":{"line":26,"column":1}},"children":[{"type":"text","value":"Haz variar la clorofila.","position":{"start":{"line":26,"column":1},"end":{"line":26,"column":1}},"key":"LfY1Dbc9ln"}],"key":"hHiYV5DKSS"},{"type":"listItem","spread":true,"position":{"start":{"line":27,"column":1},"end":{"line":27,"column":1}},"children":[{"type":"text","value":"Haz variar el contenido de agua","position":{"start":{"line":27,"column":1},"end":{"line":27,"column":1}},"key":"f8N5PzsQCP"}],"key":"AM6EthvmXj"},{"type":"listItem","spread":true,"position":{"start":{"line":28,"column":1},"end":{"line":28,"column":1}},"children":[{"type":"text","value":"Haz variar la materia seca","position":{"start":{"line":28,"column":1},"end":{"line":28,"column":1}},"key":"eH8tFF1vR1"}],"key":"cFohoJ0g83"},{"type":"listItem","spread":true,"position":{"start":{"line":29,"column":1},"end":{"line":29,"column":1}},"children":[{"type":"text","value":"Haz variar los pigmentos marrones desde un valor de 0 (hoja sana) a valores mayores (hoja enferma o seca)","position":{"start":{"line":29,"column":1},"end":{"line":29,"column":1}},"key":"LfSMdim97I"}],"key":"D2dzDCwrC6"}],"key":"Yl7Ayispxn"}],"data":{"type":"notebook-content"},"key":"iA560LCWDg"},{"type":"block","children":[{"type":"code","lang":"python","executable":true,"value":"w_rho_leaf = interactive(fn.update_prospect_spectrum, N_leaf=fn.w_nleaf, Cab=fn.w_cab, \n                         Car=fn.w_car, Ant=fn.w_ant, Cbrown=fn.w_cbrown, Cw=fn.w_cw, Cm=fn.w_cm)\ndisplay(w_rho_leaf)","key":"AqCrFV3KZk"},{"type":"output","id":"TONOl2mSNnciYmrx1PEGq","data":[{"output_type":"display_data","metadata":{},"data":{"application/vnd.jupyter.widget-view+json":{"content":"{\"model_id\":\"18bb57bbe47e4dc6b9af8ba4250ec571\",\"version_major\":2,\"version_minor\":0}","content_type":"application/vnd.jupyter.widget-view+json"},"text/plain":{"content":"interactive(children=(FloatSlider(value=1.601, continuous_update=False, description='N:', max=3.0, min=1.0, st…","content_type":"text/plain"}}}],"key":"Ve83b9OrMS"}],"data":{"type":"notebook-code"},"key":"NJ2Z7EZ9Ap"},{"type":"block","children":[{"type":"paragraph","position":{"start":{"line":1,"column":1},"end":{"line":1,"column":1}},"children":[{"type":"text","value":"Observa lo siguente:","position":{"start":{"line":1,"column":1},"end":{"line":1,"column":1}},"key":"TREsnYivcZ"}],"key":"CBW8MELGQv"},{"type":"list","ordered":false,"spread":false,"position":{"start":{"line":2,"column":1},"end":{"line":7,"column":1}},"children":[{"type":"listItem","spread":true,"position":{"start":{"line":2,"column":1},"end":{"line":2,"column":1}},"children":[{"type":"text","value":"La concentración de clorofila ","position":{"start":{"line":2,"column":1},"end":{"line":2,"column":1}},"key":"RiQtHVO4cu"},{"type":"inlineCode","value":"Cab","position":{"start":{"line":2,"column":1},"end":{"line":2,"column":1}},"key":"JlPfejIhX1"},{"type":"text","value":" afecta principalmente a la región del visible (RGB) y del ","position":{"start":{"line":2,"column":1},"end":{"line":2,"column":1}},"key":"iSOh9shg16"},{"type":"emphasis","position":{"start":{"line":2,"column":1},"end":{"line":2,"column":1}},"children":[{"type":"text","value":"red egde","position":{"start":{"line":2,"column":1},"end":{"line":2,"column":1}},"key":"S8tPVLfFax"}],"key":"XkM3lbnkjv"},{"type":"text","value":" (R-E), con más absorción en la región del rojo y del azul y más reflexión en el verde. Es por ello que la mayoría de las hojas presentan color verde.","position":{"start":{"line":2,"column":1},"end":{"line":2,"column":1}},"key":"zRmV9N97G3"}],"key":"hwEIjdOi9W"},{"type":"listItem","spread":true,"position":{"start":{"line":3,"column":1},"end":{"line":3,"column":1}},"children":[{"type":"text","value":"El contenido de agua ","position":{"start":{"line":3,"column":1},"end":{"line":3,"column":1}},"key":"HJcix0zX8Y"},{"type":"inlineCode","value":"Cw","position":{"start":{"line":3,"column":1},"end":{"line":3,"column":1}},"key":"wZETVXsvDX"},{"type":"text","value":" afecta principalmente a la absorción en el infrarrojo de onda corta (SWIR), con máximos de absorción en trono a los 1460 y 2100 nm.","position":{"start":{"line":3,"column":1},"end":{"line":3,"column":1}},"key":"M9Ajlbdoqn"}],"key":"HMx7M2cECA"},{"type":"listItem","spread":true,"position":{"start":{"line":4,"column":1},"end":{"line":4,"column":1}},"children":[{"type":"text","value":"La materia seca ","position":{"start":{"line":4,"column":1},"end":{"line":4,"column":1}},"key":"nTpUJ0AgQO"},{"type":"inlineCode","value":"Cm","position":{"start":{"line":4,"column":1},"end":{"line":4,"column":1}},"key":"NfR8vTDY61"},{"type":"text","value":" afecta principalmente a la absorción en el infrarrojo cercano (NIR).","position":{"start":{"line":4,"column":1},"end":{"line":4,"column":1}},"key":"jjMfbl3fl2"}],"key":"DUsJvwAuKF"},{"type":"listItem","spread":true,"position":{"start":{"line":5,"column":1},"end":{"line":5,"column":1}},"children":[{"type":"text","value":"Otros pigmentos afectan en menor medida al espectro visible. Por ejemplo los antocianos ","position":{"start":{"line":5,"column":1},"end":{"line":5,"column":1}},"key":"JIMRlxaAGn"},{"type":"inlineCode","value":"Ant","position":{"start":{"line":5,"column":1},"end":{"line":5,"column":1}},"key":"Jw0GsKuPoC"},{"type":"text","value":" que suelen aparecer durante la senescencia desplazan el pico de reflexión del verde hacia el rojo, sobre todo cuando a su vez decrece la concentración de clorofila.","position":{"start":{"line":5,"column":1},"end":{"line":5,"column":1}},"key":"Rry1fpFU7w"}],"key":"t8M7xuQjnm"},{"type":"listItem","spread":true,"position":{"start":{"line":6,"column":1},"end":{"line":7,"column":1}},"children":[{"type":"text","value":"El parámetro ","position":{"start":{"line":6,"column":1},"end":{"line":6,"column":1}},"key":"plKMKvnVD3"},{"type":"inlineCode","value":"N","position":{"start":{"line":6,"column":1},"end":{"line":6,"column":1}},"key":"IzehPKsfjl"},{"type":"text","value":" afecta a la relación entre reflectividad y transmisividad. Cuantas más ","position":{"start":{"line":6,"column":1},"end":{"line":6,"column":1}},"key":"e8PvMxkl7a"},{"type":"emphasis","position":{"start":{"line":6,"column":1},"end":{"line":6,"column":1}},"children":[{"type":"text","value":"capas","position":{"start":{"line":6,"column":1},"end":{"line":6,"column":1}},"key":"j0E0WNocpM"}],"key":"jwbAWQDSiy"},{"type":"text","value":" tenga una hoja más fenómenos de dispersión múltiple habrá y reflejará más.","position":{"start":{"line":6,"column":1},"end":{"line":6,"column":1}},"key":"rt4HUyxh5M"}],"key":"kf6urx5zwT"}],"key":"LJzmdiP49W"},{"type":"admonition","kind":"tip","children":[{"type":"admonitionTitle","children":[{"type":"text","value":"Tip","key":"Pl5Z5TKHgA"}],"key":"ciNwKOTePL"},{"type":"paragraph","position":{"start":{"line":9,"column":1},"end":{"line":9,"column":1}},"children":[{"type":"text","value":"Puedes ver este fenómeno también en las ventanas con doble o triple cristal usadas como aislante, por ejemplo de los escaparates comerciales. A no ser que uno se sitúen justo de frente y cerca del escaparate, éste parece más un espejo que una ventana.","position":{"start":{"line":9,"column":1},"end":{"line":9,"column":1}},"key":"hiHTHOceCK"}],"key":"l0yvMDfJCf"}],"key":"uzN9ErmIUX"}],"data":{"type":"notebook-content"},"key":"c1Lx35peHu"},{"type":"block","children":[{"type":"heading","depth":2,"position":{"start":{"line":1,"column":1},"end":{"line":1,"column":1}},"children":[{"type":"text","value":"Espectro del suelo","position":{"start":{"line":1,"column":1},"end":{"line":1,"column":1}},"key":"qu3i85AtXc"}],"identifier":"espectro-del-suelo","label":"Espectro del suelo","html_id":"espectro-del-suelo","implicit":true,"key":"HAEtJ9qdGl"},{"type":"paragraph","position":{"start":{"line":2,"column":1},"end":{"line":2,"column":1}},"children":[{"type":"text","value":"El espectro del dosel o de la supeficie vegetal no sólo depende del espectro y las propiedades de las hojas, sino que también de la propia estructura del dosel así como del suelo. En particular en doseles abiertos o poco densos, como en las primeras fases fenológicas, el comportamiento espectral del suelo puede influir de manera muy importante en la señal espectral que capten los sensores de teledetección.","position":{"start":{"line":2,"column":1},"end":{"line":2,"column":1}},"key":"XxpgBl5Tyj"}],"key":"QEAHfz0Gtt"},{"type":"paragraph","position":{"start":{"line":4,"column":1},"end":{"line":4,"column":1}},"children":[{"type":"text","value":"El espectro del suelo depende de varios factores, como son su composición mineralógica, materia orgánica, su textura y densidad así como su humedad superficial.","position":{"start":{"line":4,"column":1},"end":{"line":4,"column":1}},"key":"v9knciJczn"}],"key":"pdwAOJIsr9"},{"type":"paragraph","position":{"start":{"line":6,"column":1},"end":{"line":6,"column":1}},"children":[{"type":"text","value":"Ejectuta la siguiente celda y mira los distintas características espectrales de distintos tipos de suelo.","position":{"start":{"line":6,"column":1},"end":{"line":6,"column":1}},"key":"FnlR2DStj6"}],"key":"OtSy75dJkg"}],"data":{"type":"notebook-content"},"key":"TueYGtqCHk"},{"type":"block","children":[{"type":"code","lang":"python","executable":true,"value":"w_rho_soil = interactive(fn.update_soil_spectrum, soil_name=fn.w_soil)\ndisplay(w_rho_soil)","key":"YgKqpH8fw4"},{"type":"output","id":"_WRSx8WIp9Bx6h33UWDBz","data":[],"key":"kRDPDI1dPa"}],"data":{"type":"notebook-code"},"key":"kVE5DKFmvH"},{"type":"block","children":[{"type":"paragraph","position":{"start":{"line":1,"column":1},"end":{"line":1,"column":1}},"children":[{"type":"text","value":"Observa lo diferente que puede ser un espectro de suelo en comparación con el de una hoja. Esto es clave a la hora de clasificar tipos de coberturas mediante teledetección así como cuantificar el vigor/densidad vegetal del cultivo.","position":{"start":{"line":1,"column":1},"end":{"line":1,"column":1}},"key":"MS8XDy4AED"}],"key":"aKPIIaZUXw"},{"type":"paragraph","position":{"start":{"line":3,"column":1},"end":{"line":3,"column":1}},"children":[{"type":"text","value":"Observa que suelos más salinos (","position":{"start":{"line":3,"column":1},"end":{"line":3,"column":1}},"key":"ksFju1HcMU"},{"type":"inlineCode","value":"aridisol.salorthid","position":{"start":{"line":3,"column":1},"end":{"line":3,"column":1}},"key":"nSiMQM9xWz"},{"type":"text","value":") o gipsicos (","position":{"start":{"line":3,"column":1},"end":{"line":3,"column":1}},"key":"Furp4kQLad"},{"type":"inlineCode","value":"aridisol.gypsiorthd","position":{"start":{"line":3,"column":1},"end":{"line":3,"column":1}},"key":"QKcs8gBaQZ"},{"type":"text","value":"), tienen una mayor reflectividad, sobre todo en el visible (RGB). Es decir, son más blancos que otros suelos.","position":{"start":{"line":3,"column":1},"end":{"line":3,"column":1}},"key":"q3yWEtGDct"}],"key":"fk5SZl6ryX"}],"data":{"type":"notebook-content"},"key":"OFG17DWt8b"},{"type":"block","children":[{"type":"heading","depth":2,"position":{"start":{"line":1,"column":1},"end":{"line":1,"column":1}},"children":[{"type":"text","value":"Espectro del dosel","position":{"start":{"line":1,"column":1},"end":{"line":1,"column":1}},"key":"J8CaCMoHJY"}],"identifier":"espectro-del-dosel","label":"Espectro del dosel","html_id":"espectro-del-dosel","implicit":true,"key":"v5tTbxpPmt"},{"type":"paragraph","position":{"start":{"line":2,"column":1},"end":{"line":2,"column":1}},"children":[{"type":"text","value":"Finalmente, integrando la firma espectral de una hoja y del suelo subyacente podemos obtener el espectro de un dosel vegetal.","position":{"start":{"line":2,"column":1},"end":{"line":2,"column":1}},"key":"jdrnDRSgtU"}],"key":"hkKmrPgFGf"},{"type":"paragraph","position":{"start":{"line":4,"column":1},"end":{"line":4,"column":1}},"children":[{"type":"text","value":"El espectro de la superficie vegetal además depende de la estructura del dosel, principalmente de la cantidad de hojas por unidad de superficie (definido como el Índice de Área Foliar) y de cómo estas hojas se orientan con respecto a la vertical. Además, dado que se produce una interacción de la luz incidente y reflejada entre el volumen de hojas y el suelo, la posición del sol y del sensor influyen en la señal espectral que obtengamos.","position":{"start":{"line":4,"column":1},"end":{"line":4,"column":1}},"key":"s6SxDqtx82"}],"key":"cOtjMTAtWZ"},{"type":"paragraph","position":{"start":{"line":6,"column":1},"end":{"line":6,"column":1}},"children":[{"type":"text","value":"Para esta parte cobinaremos el modelo de transferencia ProspectD para simular el espectro de una hoja con otro modelo de trasnferencia a nivel de dosel (4SAIL). Este último modelo considera la superficie vegetal como una capa horizontal y verticalmente homogéna, por lo que se recomienda cautela en su aplicación en doseles arbóreos heterogéneos.","position":{"start":{"line":6,"column":1},"end":{"line":6,"column":1}},"key":"TphGCVbIyA"}],"key":"mu34ckiUjK"},{"type":"image","url":"/4sail-2a9f9b2ff6457427709080144a246061.png","alt":"Esquema del modelo 4SAIL","title":"Representación esqueḿatica del modelo 4SAIL","position":{"start":{"line":8,"column":1},"end":{"line":8,"column":1}},"key":"WaX0GMjLDN","urlSource":"./input/figures/4sail.png"},{"type":"blockquote","position":{"start":{"line":10,"column":1},"end":{"line":12,"column":1}},"children":[{"type":"paragraph","position":{"start":{"line":10,"column":1},"end":{"line":10,"column":1}},"children":[{"type":"text","value":"Si quieres saber más sobre el modelo 4SAIL pincha en esta ","position":{"start":{"line":10,"column":1},"end":{"line":10,"column":1}},"key":"XET78YT7Da"},{"type":"link","url":"./lecturas_adicionales/4SAIL_model.pdf","position":{"start":{"line":10,"column":1},"end":{"line":10,"column":1}},"children":[{"type":"text","value":"publicación","position":{"start":{"line":10,"column":1},"end":{"line":10,"column":1}},"key":"m4Lm8bsKwf"}],"urlSource":"./lecturas_adicionales/4SAIL_model.pdf","key":"oWLv71NQNs"}],"key":"iPSvFuS2E2"},{"type":"paragraph","position":{"start":{"line":12,"column":1},"end":{"line":12,"column":1}},"children":[{"type":"text","value":"Si quieres más detalles sobre el cálculo y el código del modelo pincha ","position":{"start":{"line":12,"column":1},"end":{"line":12,"column":1}},"key":"nxhZ7CSgx3"},{"type":"link","url":"https://github.com/hectornieto/pypro4sail/blob/b111891e0a2c01b8b3fa5ff41790687d31297e5f/pypro4sail/four_sail.py#L245","position":{"start":{"line":12,"column":1},"end":{"line":12,"column":1}},"children":[{"type":"text","value":"aquí","position":{"start":{"line":12,"column":1},"end":{"line":12,"column":1}},"key":"ATuCfWSFNr"}],"urlSource":"https://github.com/hectornieto/pypro4sail/blob/b111891e0a2c01b8b3fa5ff41790687d31297e5f/pypro4sail/four_sail.py#L245","data":{"kind":"file","org":"hectornieto","repo":"pypro4sail","reference":"b111891e0a2c01b8b3fa5ff41790687d31297e5f","file":"pypro4sail/four_sail.py","from":245,"raw":"https://raw.githubusercontent.com/hectornieto/pypro4sail/b111891e0a2c01b8b3fa5ff41790687d31297e5f/pypro4sail/four_sail.py"},"internal":false,"protocol":"github","key":"DhUoLod1EO"}],"key":"dpAhgdt9fN"}],"key":"I2epQtGMPZ"},{"type":"paragraph","position":{"start":{"line":14,"column":1},"end":{"line":14,"column":1}},"children":[{"type":"text","value":"Ejecuta la siguente celda y mira cómo los ","position":{"start":{"line":14,"column":1},"end":{"line":14,"column":1}},"key":"uyNn3mHlIA"},{"type":"crossReference","position":{"start":{"line":14,"column":1},"end":{"line":14,"column":1}},"children":[{"type":"text","value":"espectros de hoja","position":{"start":{"line":14,"column":1},"end":{"line":14,"column":1}},"key":"XrcTjl6x8O"}],"urlSource":"#Espectro-de-una-hoja","identifier":"espectro-de-una-hoja","label":"Espectro-de-una-hoja","kind":"heading","template":"{name}","resolved":true,"html_id":"espectro-de-una-hoja","key":"bNkkaBBieO"},{"type":"text","value":" y ","position":{"start":{"line":14,"column":1},"end":{"line":14,"column":1}},"key":"Wh08NMmb2r"},{"type":"crossReference","position":{"start":{"line":14,"column":1},"end":{"line":14,"column":1}},"children":[{"type":"text","value":"suelo","position":{"start":{"line":14,"column":1},"end":{"line":14,"column":1}},"key":"co5hOwwmsH"}],"urlSource":"#Espectro-del-suelo","identifier":"espectro-del-suelo","label":"Espectro-del-suelo","kind":"heading","template":"{name}","resolved":true,"html_id":"espectro-del-suelo","key":"cx2mMtMEgI"},{"type":"text","value":" que se han generado previamente se integran para obtener un espectro de la superficie vegetal.","position":{"start":{"line":14,"column":1},"end":{"line":14,"column":1}},"key":"NHJgvQz2Fo"}],"key":"a1BI4DDolL"},{"type":"blockquote","position":{"start":{"line":16,"column":1},"end":{"line":16,"column":1}},"children":[{"type":"paragraph","position":{"start":{"line":16,"column":1},"end":{"line":16,"column":1}},"children":[{"type":"text","value":"Puedes modificar los espectros de hoja y suelo, y esta gráfica se actualizará automáticamente.","position":{"start":{"line":16,"column":1},"end":{"line":16,"column":1}},"key":"nINHrO0frl"}],"key":"U0B22m7d6Q"}],"key":"GZn4S4L9BA"}],"data":{"type":"notebook-content"},"key":"cZRfqooxGN"},{"type":"block","children":[{"type":"code","lang":"python","executable":true,"value":"w_rho_canopy = interactive(fn.update_4sail_spectrum,\n                           lai=fn.w_lai, hotspot=fn.w_hotspot, leaf_angle=fn.w_leaf_angle, \n                           sza=fn.w_sza, vza=fn.w_vza, psi=fn.w_psi, skyl=fn.w_skyl, \n                           leaf_spectrum=fixed(w_rho_leaf), soil_spectrum=fixed(w_rho_soil))\ndisplay(w_rho_canopy)","key":"gUoQEjYHRP"},{"type":"output","id":"LENZST_HgFFZxp5uXfKGz","data":[{"ename":"NameError","evalue":"name 'fn' is not defined","output_type":"error","traceback":"\u001b[0;31m---------------------------------------------------------------------------\u001b[0m\n\u001b[0;31mNameError\u001b[0m                                 Traceback (most recent call last)\nCell \u001b[0;32mIn[2], line 1\u001b[0m\n\u001b[0;32m----> 1\u001b[0m w_rho_canopy \u001b[38;5;241m=\u001b[39m interactive(\u001b[43mfn\u001b[49m\u001b[38;5;241m.\u001b[39mupdate_4sail_spectrum,\n\u001b[1;32m      2\u001b[0m                            lai\u001b[38;5;241m=\u001b[39mfn\u001b[38;5;241m.\u001b[39mw_lai, hotspot\u001b[38;5;241m=\u001b[39mfn\u001b[38;5;241m.\u001b[39mw_hotspot, leaf_angle\u001b[38;5;241m=\u001b[39mfn\u001b[38;5;241m.\u001b[39mw_leaf_angle, \n\u001b[1;32m      3\u001b[0m                            sza\u001b[38;5;241m=\u001b[39mfn\u001b[38;5;241m.\u001b[39mw_sza, vza\u001b[38;5;241m=\u001b[39mfn\u001b[38;5;241m.\u001b[39mw_vza, psi\u001b[38;5;241m=\u001b[39mfn\u001b[38;5;241m.\u001b[39mw_psi, skyl\u001b[38;5;241m=\u001b[39mfn\u001b[38;5;241m.\u001b[39mw_skyl, \n\u001b[1;32m      4\u001b[0m                            leaf_spectrum\u001b[38;5;241m=\u001b[39mfixed(w_rho_leaf), soil_spectrum\u001b[38;5;241m=\u001b[39mfixed(w_rho_soil))\n\u001b[1;32m      5\u001b[0m display(w_rho_canopy)\n\n\u001b[0;31mNameError\u001b[0m: name 'fn' is not defined"}],"key":"kSswwU0Ask"}],"data":{"type":"notebook-code"},"key":"CaAz3ZKnCy"},{"type":"block","children":[{"type":"paragraph","position":{"start":{"line":1,"column":1},"end":{"line":1,"column":1}},"children":[{"type":"text","value":"Recuerda en la ","position":{"start":{"line":1,"column":1},"end":{"line":1,"column":1}},"key":"jYUQVez6v1"},{"type":"link","url":"/es-radiacion-neta","position":{"start":{"line":1,"column":1},"end":{"line":1,"column":1}},"children":[{"type":"text","value":"práctica sobre la radiación neta","position":{"start":{"line":1,"column":1},"end":{"line":1,"column":1}},"key":"DXvIJpMx1v"}],"urlSource":"./ES_radiacion_neta.ipynb","internal":true,"dataUrl":"/es-radiacion-neta.json","protocol":"file","key":"WdZOTeutIb"},{"type":"text","value":" que una superficie vegetal tiene ciertas propiedades anisotrópicas, lo que quiere decir que reflejará de manera distinta según la geometria de iluminación y de observación.","position":{"start":{"line":1,"column":1},"end":{"line":1,"column":1}},"key":"zxYIEeXhz5"}],"key":"QqyUkxKGgc"},{"type":"paragraph","position":{"start":{"line":3,"column":1},"end":{"line":3,"column":1}},"children":[{"type":"text","value":"Mira cómo cambia el espectro variando los valores del ángulo de observación cenital (VZA), ańgulo cenital del sol (SZA) y el ángulo azimutal relativo (PSI) entre el sol y el observador.","position":{"start":{"line":3,"column":1},"end":{"line":3,"column":1}},"key":"E7xlGmjcdn"}],"key":"kZ6MFo1cd5"},{"type":"paragraph","position":{"start":{"line":5,"column":1},"end":{"line":5,"column":1}},"children":[{"type":"text","value":"Haz variar el LAI, y ponlo en cero (sin vegetación). Comprueba que el espectro que sale es directamente el espectro del suelo. Ahora incrementa ligeramente el LAI, verás como el espectro va cambiando, disminuyendo la reflectividad en el rojo y azul (debido a la clorofila de la hoja), y aumentando la reflectividad en el ","position":{"start":{"line":5,"column":1},"end":{"line":5,"column":1}},"key":"aJk5DB2MeG"},{"type":"emphasis","position":{"start":{"line":5,"column":1},"end":{"line":5,"column":1}},"children":[{"type":"text","value":"red-edge","position":{"start":{"line":5,"column":1},"end":{"line":5,"column":1}},"key":"bSM6NTaZxi"}],"key":"F04ji5rel3"},{"type":"text","value":" y el NIR.","position":{"start":{"line":5,"column":1},"end":{"line":5,"column":1}},"key":"oycra9bw9H"}],"key":"kqn4BobvkI"},{"type":"paragraph","position":{"start":{"line":7,"column":1},"end":{"line":7,"column":1}},"children":[{"type":"text","value":"Recuerda también de la ","position":{"start":{"line":7,"column":1},"end":{"line":7,"column":1}},"key":"S7ezebCu36"},{"type":"link","url":"/es-radiacion-neta","position":{"start":{"line":7,"column":1},"end":{"line":7,"column":1}},"children":[{"type":"text","value":"práctica sobre la radiación neta","position":{"start":{"line":7,"column":1},"end":{"line":7,"column":1}},"key":"NimbIzDcNW"}],"urlSource":"./ES_radiacion_neta.ipynb","internal":true,"dataUrl":"/es-radiacion-neta.json","protocol":"file","key":"ds37yycgzA"},{"type":"text","value":" el efecto que también tiene la disposición angular de las hojas. Con una observación al nadir (VZA=0) haz variar el ángulo típico de la hoja (","position":{"start":{"line":7,"column":1},"end":{"line":7,"column":1}},"key":"ooyczsPpIA"},{"type":"inlineCode","value":"Leaf Angle","position":{"start":{"line":7,"column":1},"end":{"line":7,"column":1}},"key":"EMKqW8pHPZ"},{"type":"text","value":") desde un valor predominantemente horizontal (0º) a un ángulo predominantemente vertical (90º)","position":{"start":{"line":7,"column":1},"end":{"line":7,"column":1}},"key":"N38tCihbpq"}],"key":"RKIXEClq9M"}],"data":{"type":"notebook-content"},"key":"jk1mV7rKPz"},{"type":"block","children":[{"type":"heading","depth":2,"position":{"start":{"line":1,"column":1},"end":{"line":1,"column":1}},"children":[{"type":"text","value":"Sensibilidad de los parámetros","position":{"start":{"line":1,"column":1},"end":{"line":1,"column":1}},"key":"faJeQqyy4a"}],"identifier":"sensibilidad-de-los-par-metros","label":"Sensibilidad de los parámetros","html_id":"sensibilidad-de-los-par-metros","implicit":true,"key":"IpZd2EQwbf"},{"type":"paragraph","position":{"start":{"line":2,"column":1},"end":{"line":2,"column":1}},"children":[{"type":"text","value":"En esta tarea podrás ver el comportamiento espectral de la vegetación según varían los parámetros fisico-químicos de la vegetación así como su sensibilidad a las condiciones de observación e iluminación.","position":{"start":{"line":2,"column":1},"end":{"line":2,"column":1}},"key":"ZlUSwK3Sb9"}],"key":"J8v7qCflP1"},{"type":"paragraph","position":{"start":{"line":4,"column":1},"end":{"line":4,"column":1}},"children":[{"type":"text","value":"Para ello vamos a realizar un análisis de sensibilidad variando un sólo parámetro a la vez, mientras que el resto de los parámetros permanecerán constantes. Puedes variar los valores individuales para el resto de los parámetros individuales (también se actualizarán de las gráficas anteriores). A continuación selecciona qué parámetro quieres analizar y el rango de valores máximo y mínimo que quieras que tenga.","position":{"start":{"line":4,"column":1},"end":{"line":4,"column":1}},"key":"oCQ8a018jZ"}],"key":"pVDisPGEKd"}],"data":{"type":"notebook-content"},"key":"UHVVbXsgGP"},{"type":"block","children":[{"type":"code","lang":"python","executable":true,"value":"w_sensitivity = interactive(fn.prosail_sensitivity,\n                            N_leaf=fn.w_nleaf, Cab=fn.w_cab, Car=fn.w_car, Ant=fn.w_ant, Cbrown=fn.w_cbrown, \n                            Cw=fn.w_cw, Cm=fn.w_cm, lai=fn.w_lai, hotspot=fn.w_hotspot, leaf_angle=fn.w_leaf_angle, \n                            sza=fn.w_sza, vza=fn.w_vza, psi=fn.w_psi, skyl=fn.w_skyl, \n                            soil_name=fn.w_soil, var=fn.w_param, value_range=fn.w_range)\ndisplay(w_sensitivity)","key":"GCD2J4gLOf"},{"type":"output","id":"_UdneXkbUFfHGYIH-qNJF","data":[],"key":"CcrXOzIEWw"}],"data":{"type":"notebook-code"},"key":"TvOOL7eQ2g"},{"type":"block","children":[{"type":"paragraph","position":{"start":{"line":1,"column":1},"end":{"line":1,"column":1}},"children":[{"type":"text","value":"Empieza con al sensiblidad del espectro a la concentración de clorofila. Verás que la zona donde sobre todo hay variaciones es en el verde y el rojo. Observa también que en el ","position":{"start":{"line":1,"column":1},"end":{"line":1,"column":1}},"key":"sA3w7h8p98"},{"type":"emphasis","position":{"start":{"line":1,"column":1},"end":{"line":1,"column":1}},"children":[{"type":"text","value":"red-edge","position":{"start":{"line":1,"column":1},"end":{"line":1,"column":1}},"key":"QuBpfrAcBQ"}],"key":"YvcIJRvvKr"},{"type":"text","value":",  la zona de transición entre el rojo y el NIR, se produce un “desplazamiento” de la señal, este fenómento es clave y es la razón por la que los nuevos sensores (Sentinel, nuevas cámaras UAV) incluyen esta región para ayudar en la estimación de la clorofila y por tanto en la actividad fotosintética.","position":{"start":{"line":1,"column":1},"end":{"line":1,"column":1}},"key":"l9YSfJrFqO"}],"key":"i4fWBtIG5R"},{"type":"paragraph","position":{"start":{"line":3,"column":1},"end":{"line":3,"column":1}},"children":[{"type":"text","value":"Evalúa la sensibilidad al espectro de otros pigmentos (","position":{"start":{"line":3,"column":1},"end":{"line":3,"column":1}},"key":"yuJqNqhDWe"},{"type":"inlineCode","value":"Car","position":{"start":{"line":3,"column":1},"end":{"line":3,"column":1}},"key":"KQiJ18JuNk"},{"type":"text","value":" o ","position":{"start":{"line":3,"column":1},"end":{"line":3,"column":1}},"key":"ZHv0cFuLXY"},{"type":"inlineCode","value":"Ant","position":{"start":{"line":3,"column":1},"end":{"line":3,"column":1}},"key":"YCtmIMbiRr"},{"type":"text","value":"). Verás que la respuesta espectral a estos otros pigmentos es menor, lo que implica que resulta más dificil estimarlos a partir de teledetección. En cambio la variación espectral con los pigmentos marrones es bastante fuerte, como recordatorio estos pigmentos representan las variaciones cromáticas que se producen en hojas enfermas y muertas.","position":{"start":{"line":3,"column":1},"end":{"line":3,"column":1}},"key":"i39osi35gv"}],"key":"MCybF3wMDT"},{"type":"blockquote","position":{"start":{"line":5,"column":1},"end":{"line":5,"column":1}},"children":[{"type":"paragraph","position":{"start":{"line":5,"column":1},"end":{"line":5,"column":1}},"children":[{"type":"text","value":"Esto implica que es relativamente posible detectar y cuantificar problemas sanitarios en la vegetación.","position":{"start":{"line":5,"column":1},"end":{"line":5,"column":1}},"key":"RkiTdbskBi"}],"key":"GQKMcpGIgM"}],"key":"c3tER97EJ2"},{"type":"paragraph","position":{"start":{"line":7,"column":1},"end":{"line":7,"column":1}},"children":[{"type":"text","value":"Mira ahora la sensibilidad del LAI cuando su rango es pequeño (p.ej. de 0 a 2). Verás que el espectro cambia significativamente según incrementa el LAI. Ahora mira la sensibilidad cuando el LAI recorre valores mas altos (p.ej. de 2 a 4), verás que la variación en el espectro es mucho menor. Se suele decir que a valores altos de LAI el espectro tiende a “saturarse” por lo que la señal se hace menos sensible.","position":{"start":{"line":7,"column":1},"end":{"line":7,"column":1}},"key":"xTJlVE3V7T"}],"key":"MKllRygcR6"},{"type":"blockquote","position":{"start":{"line":9,"column":1},"end":{"line":9,"column":1}},"children":[{"type":"paragraph","position":{"start":{"line":9,"column":1},"end":{"line":9,"column":1}},"children":[{"type":"text","value":"Es más fácil estimar el LAI con menor margen de error en cultivos con poca densidad foliar o fases fenológicas tempranas, que en cultivos o vegetación muy densa.","position":{"start":{"line":9,"column":1},"end":{"line":9,"column":1}},"key":"t0WtUzI6j4"}],"key":"wSiTbkLnnl"}],"key":"y4ix9XdyA9"},{"type":"paragraph","position":{"start":{"line":11,"column":1},"end":{"line":11,"column":1}},"children":[{"type":"text","value":"Ahora mantén el valor fijo de LAI en un valor alto (p.ej 3) y haz variar el ángulo de observación cenital entre 0º (nadir) y una obsrvación oblicua (p.ej 35º). Verás que a pesar de haber un LAI alto, y que a priori hemos visto que ya es menos sensible, hay mayores variaciones espectrales al variar la geometría de observación.","position":{"start":{"line":11,"column":1},"end":{"line":11,"column":1}},"key":"L9e0drNzzO"}],"key":"D4wRZd18mi"},{"type":"blockquote","position":{"start":{"line":13,"column":1},"end":{"line":13,"column":1}},"children":[{"type":"paragraph","position":{"start":{"line":13,"column":1},"end":{"line":13,"column":1}},"children":[{"type":"text","value":"Gracias a la anisotropía de la vegetación, las variaciones espectrales con respecto a la geometría de observación e iluminación pueden ayudar a resolver el LAI en condiciones de alta densidad.","position":{"start":{"line":13,"column":1},"end":{"line":13,"column":1}},"key":"qC6uPkF5pD"}],"key":"fLKuLBqDH7"}],"key":"vZp7gDLZyV"},{"type":"paragraph","position":{"start":{"line":15,"column":1},"end":{"line":15,"column":1}},"children":[{"type":"text","value":"Ahora mira el peso específico de la hoja, o la cantidad de materia seca (","position":{"start":{"line":15,"column":1},"end":{"line":15,"column":1}},"key":"QOjRYjjfQb"},{"type":"inlineCode","value":"Cm","position":{"start":{"line":15,"column":1},"end":{"line":15,"column":1}},"key":"SAr9GIzZyN"},{"type":"text","value":"). Verás que según el peso específico de la hora se producen variaciones importantes en el NIR y SWIR.","position":{"start":{"line":15,"column":1},"end":{"line":15,"column":1}},"key":"MiKHoHxLzp"}],"key":"FFTNZGSGNl"},{"type":"blockquote","position":{"start":{"line":17,"column":1},"end":{"line":17,"column":1}},"children":[{"type":"paragraph","position":{"start":{"line":17,"column":1},"end":{"line":17,"column":1}},"children":[{"type":"text","value":"La biomasa foliar puede calcularse a partir del producto entre el ","position":{"start":{"line":17,"column":1},"end":{"line":17,"column":1}},"key":"QGOZy6uzux"},{"type":"inlineCode","value":"LAI","position":{"start":{"line":17,"column":1},"end":{"line":17,"column":1}},"key":"mPzUUsUNNE"},{"type":"text","value":" y ","position":{"start":{"line":17,"column":1},"end":{"line":17,"column":1}},"key":"sAAa3g0v8m"},{"type":"inlineCode","value":"Cm","position":{"start":{"line":17,"column":1},"end":{"line":17,"column":1}},"key":"LZRgIbhzcX"},{"type":"text","value":", por lo que es viable estimar la biomasa foliar de un cultivo. Esta informaición puede ser útil por ejemplo para estimar el rendimiento final de algunos cultivos, como pueden ser los cereales.","position":{"start":{"line":17,"column":1},"end":{"line":17,"column":1}},"key":"nI9uswOCwi"}],"key":"trP50S42r3"}],"key":"RqAZd14PTI"},{"type":"paragraph","position":{"start":{"line":19,"column":1},"end":{"line":19,"column":1}},"children":[{"type":"text","value":"El parámetro ","position":{"start":{"line":19,"column":1},"end":{"line":19,"column":1}},"key":"W1hhJmlg0A"},{"type":"inlineCode","value":"hotspot","position":{"start":{"line":19,"column":1},"end":{"line":19,"column":1}},"key":"gKiJuPtv3C"},{"type":"text","value":" es un parámetro semi-empírico relacionado con el tamaño relativo de la hoja con respecto a la altura del dosel. Afecta a cómo las hojas ensombrecen otras hojas dentro del dosel, por lo que su efecto más fuerte se observará cuando el observador (sensor) está justo en la misma posición que el sol. Para ello valores similares para VZA y SZA, y el ángulo azimutal relativo PSI en 0º. Ahora haz variar el hotstpot. Al poner el observador en la zona iluminada de la vegetación, el tamaño relativo de las hojas juega un papel importante, ya que cuanto más grandes sean estas el volumen de copa directamente iluminado será mayor.","position":{"start":{"line":19,"column":1},"end":{"line":19,"column":1}},"key":"eQ0wvhBTAm"}],"key":"slUO9Eto2F"},{"type":"image","url":"/hotspot-6c85890a1f0e3da8e51b2023dca74164.png","alt":"Efecto del hotspot","title":"Efecto del hotspot en la reflectividad de un dosel. Tomado de https://doi.org/10.3390/rs11192239","position":{"start":{"line":21,"column":1},"end":{"line":21,"column":1}},"key":"Mni7dMns3a","urlSource":"./input/figures/hotspot.png"}],"data":{"type":"notebook-content"},"key":"f4crgdgrG4"},{"type":"block","children":[{"type":"heading","depth":2,"position":{"start":{"line":1,"column":1},"end":{"line":1,"column":1}},"children":[{"type":"text","value":"La señal de un sensor","position":{"start":{"line":1,"column":1},"end":{"line":1,"column":1}},"key":"TFvI3e9EQ6"}],"identifier":"la-se-al-de-un-sensor","label":"La señal de un sensor","html_id":"la-se-al-de-un-sensor","implicit":true,"key":"jciRLMhYRw"},{"type":"paragraph","position":{"start":{"line":2,"column":1},"end":{"line":2,"column":1}},"children":[{"type":"text","value":"Hasta ahora hemos visto el comportamiento espectral detallado de la vegetación. Sin embargo los sensores a bordo de los satélites, aeroplanos y drones no miden todo el espectro en continuo, si no que muestrean tal espectro en torno a unas bandas específicas, estratégicamente seleccionadas con el fin de intentar capturar los aspectos biofísicos más relvantes.","position":{"start":{"line":2,"column":1},"end":{"line":2,"column":1}},"key":"LWEhyXTZad"}],"key":"wVEpRHwXSc"},{"type":"paragraph","position":{"start":{"line":4,"column":1},"end":{"line":4,"column":1}},"children":[{"type":"text","value":"Se denomina función de respuesta espectral a la forma en que un sensor específico integra el espectro con el fin de proporcionar la información en sus distintas bandas. Cada sensor, con cada una de sus bandas, tiene una función de respuesta espectral propia.","position":{"start":{"line":4,"column":1},"end":{"line":4,"column":1}},"key":"FFJVEEgG1p"}],"key":"QWlV1iuhI9"},{"type":"paragraph","position":{"start":{"line":6,"column":1},"end":{"line":6,"column":1}},"children":[{"type":"text","value":"En esta tarea veremos las respuestas espectrales de los sensores que utilizaremos más comunmente, Landsat, Sentinel-2 y Sentinel-3. También veremos el comportamiento espectral de una cámara típica que se usa con drones.","position":{"start":{"line":6,"column":1},"end":{"line":6,"column":1}},"key":"ulKyyF7z5G"}],"key":"TSzRvUzaPW"},{"type":"paragraph","position":{"start":{"line":8,"column":1},"end":{"line":8,"column":1}},"children":[{"type":"text","value":"Partimos de las simulaciones generadas anteriormente. Selecciona el sensor que quieras simular para ver como cada uno de los sensores “verían” esos mismos espectros.","position":{"start":{"line":8,"column":1},"end":{"line":8,"column":1}},"key":"pyiK9orxRa"}],"key":"bJ9fSo0Rkc"}],"data":{"type":"notebook-content"},"key":"yrxf3sokqo"},{"type":"block","children":[{"type":"code","lang":"python","executable":true,"value":"w_rho_sensor = interactive(fn.sensor_sensitivity,\n                           sensor=fn.w_sensor, spectra=fixed(w_sensitivity))\ndisplay(w_rho_sensor)","key":"B6bwaXZFYu"},{"type":"output","id":"nnTmjYiEDiWGpOZJrTvbj","data":[],"key":"jdV8RH7UMI"}],"data":{"type":"notebook-code"},"key":"BedKgxlLvg"},{"type":"block","children":[{"type":"paragraph","position":{"start":{"line":1,"column":1},"end":{"line":1,"column":1}},"children":[{"type":"text","value":"Realiza de nuevo un análisis de sensibilidad para la clorofila y compara la respuesta espectral que daría Landsat, Sentinel-2 y una camára UAV","position":{"start":{"line":1,"column":1},"end":{"line":1,"column":1}},"key":"ZAYEugfxOc"}],"key":"UB5W2LK0Gh"}],"data":{"type":"notebook-content"},"key":"RFNpSprvna"},{"type":"block","children":[{"type":"heading","depth":2,"position":{"start":{"line":1,"column":1},"end":{"line":1,"column":1}},"children":[{"type":"text","value":"Derivación de parámetros de la vegetación","position":{"start":{"line":1,"column":1},"end":{"line":1,"column":1}},"key":"ls1RkumxMs"}],"identifier":"derivaci-n-de-par-metros-de-la-vegetaci-n","label":"Derivación de parámetros de la vegetación","html_id":"derivaci-n-de-par-metros-de-la-vegetaci-n","implicit":true,"key":"H6aIftjetJ"},{"type":"paragraph","position":{"start":{"line":2,"column":1},"end":{"line":2,"column":1}},"children":[{"type":"text","value":"Hasta ahora hemos visto cómo el espectro de la superficie varía con respecto a los distintos parámetros biofísicos.","position":{"start":{"line":2,"column":1},"end":{"line":2,"column":1}},"key":"xQKC1hN1I3"}],"key":"VEsWFMUwkq"},{"type":"paragraph","position":{"start":{"line":4,"column":1},"end":{"line":4,"column":1}},"children":[{"type":"text","value":"Sin embargo, nuestro objetivo final es el contrario, es decir, a partir de un espectro, o de unas determinadas bandas espectrales estimar una o varias variables biofísicas que nos son de interés. En particular para el objetivo del cálculo de la evapotranspiración y la eficiencia en el uso en el agua, nos puede interesar estimar el índice de área foliar y/o la fracción de radiación PAR absorbida, así como las clorofilas u otros pigmentos.","position":{"start":{"line":4,"column":1},"end":{"line":4,"column":1}},"key":"mtCxRPiInw"}],"key":"Doi1nWBC87"},{"type":"paragraph","position":{"start":{"line":6,"column":1},"end":{"line":6,"column":1}},"children":[{"type":"text","value":"Una de los métodos típicos es desarrollar relaciones empíricas entre las bandas (o entre índices de vegetación) y datos muestreados en el campo. Esto puede darnos la respuesta más fiable para nuestra parcela de estudio, pero como has podido ver anteriormente la señal espectral depende de otros muchos factores, que pueden provocar que esa relación calibrada con unos cuantos muestreos locales no sea extrapolable o aplicable a otros cultivos o regiones.","position":{"start":{"line":6,"column":1},"end":{"line":6,"column":1}},"key":"pBXgD2oph3"}],"key":"vtI2OxKmzN"},{"type":"paragraph","position":{"start":{"line":8,"column":1},"end":{"line":8,"column":1}},"children":[{"type":"text","value":"Otra alternativa es desarrollar bases de datos sintéticas a partir de simulaciones. Es lo que vamos a realizar en esta tarea.","position":{"start":{"line":8,"column":1},"end":{"line":8,"column":1}},"key":"x4HlQH4NEc"}],"key":"pEoDp0O9hp"},{"type":"paragraph","position":{"start":{"line":10,"column":1},"end":{"line":10,"column":1}},"children":[{"type":"text","value":"Vamos a ejecutar 5000 simulaciones haciendo variar los valores de los parámetros aleatoriamente según un rango de valores que puedan ser esperado en nuestras zonas de estudio.","position":{"start":{"line":10,"column":1},"end":{"line":10,"column":1}},"key":"xKZUvwvGux"}],"key":"igxTJP76FN"},{"type":"paragraph","position":{"start":{"line":12,"column":1},"end":{"line":12,"column":1}},"children":[{"type":"text","value":"Por ejemplo si trabajas con cultivos perennes puede que te interesa mantener un rango de LAI con valores mínimos sensiblemente superiores a cero, mientras si trabajas con cultivos anuales, el valor 0 es necesario para reflejar el desarrollo del cultivo desde su plantación, emergencia y madurez.","position":{"start":{"line":12,"column":1},"end":{"line":12,"column":1}},"key":"lM2BWztePD"}],"key":"KHqFN5UHsR"},{"type":"paragraph","position":{"start":{"line":14,"column":1},"end":{"line":14,"column":1}},"children":[{"type":"text","value":"Ya que hay una gran cantidad de parámetros y es muy probable que desconozcamos el rango plausible en la mayoría de los cultivos, no te preocupes, deja los valores por defecto y céntrate en los parámetros en los que tengas más confianza.","position":{"start":{"line":14,"column":1},"end":{"line":14,"column":1}},"key":"wqApN5YgVP"}],"key":"Pd62PhbJJQ"},{"type":"paragraph","position":{"start":{"line":16,"column":1},"end":{"line":16,"column":1}},"children":[{"type":"text","value":"Puedes también elegir uno o varios tipos de suelo, en función de la edafología de tu lugar.","position":{"start":{"line":16,"column":1},"end":{"line":16,"column":1}},"key":"QPHzTIECUp"}],"key":"pKirA4nqFh"},{"type":"blockquote","position":{"start":{"line":18,"column":1},"end":{"line":18,"column":1}},"children":[{"type":"paragraph","position":{"start":{"line":18,"column":1},"end":{"line":18,"column":1}},"children":[{"type":"text","value":"Incluso podrías subir un espectro de suelo típico de tu zona a la carpeta ","position":{"start":{"line":18,"column":1},"end":{"line":18,"column":1}},"key":"JspM5E3bT7"},{"type":"link","url":"./input/soil_spectral_library","position":{"start":{"line":18,"column":1},"end":{"line":18,"column":1}},"children":[{"type":"text","value":"​.​/input​/soil​_spectral​_library","position":{"start":{"line":18,"column":1},"end":{"line":18,"column":1}},"key":"BBix7FRCFq"}],"urlSource":"./input/soil_spectral_library","key":"iKcqhY5Gwr"},{"type":"text","value":". Tan sólo asegúrate que el archivo de texto tenga dos columnas, la primera con las longitudes de onda de 400 a 2500 y la segunda columna con la reflectividad correspondiente. Para actualizar la librería espectral de suelos, tendrías que ejecutar también la ","position":{"start":{"line":18,"column":1},"end":{"line":18,"column":1}},"key":"VEb5Y1lWAq"},{"type":"crossReference","position":{"start":{"line":18,"column":1},"end":{"line":18,"column":1}},"children":[{"type":"text","value":"primera celda","position":{"start":{"line":18,"column":1},"end":{"line":18,"column":1}},"key":"vJAYFGzdaf"}],"urlSource":"#Instrucciones","identifier":"instrucciones","label":"Instrucciones","kind":"heading","template":"{name}","resolved":true,"html_id":"instrucciones","key":"g1BT1rhVAv"},{"type":"text","value":".","position":{"start":{"line":18,"column":1},"end":{"line":18,"column":1}},"key":"L0HRsdjGuv"}],"key":"n3iN1Nglel"}],"key":"ye6c8SUso1"},{"type":"paragraph","position":{"start":{"line":20,"column":1},"end":{"line":20,"column":1}},"children":[{"type":"text","value":"Finalmente selecciona el sensor para el que quieras genera la señal.","position":{"start":{"line":20,"column":1},"end":{"line":20,"column":1}},"key":"AoKRTqrBlx"}],"key":"S9MEUNUtJ2"},{"type":"paragraph","position":{"start":{"line":22,"column":1},"end":{"line":22,"column":1}},"children":[{"type":"text","value":"Cuando tengas tu configurado tu entorno de simulación, pincha en el botón ","position":{"start":{"line":22,"column":1},"end":{"line":22,"column":1}},"key":"na7XvCAZRM"},{"type":"inlineCode","value":"Generar Simulaciones","position":{"start":{"line":22,"column":1},"end":{"line":22,"column":1}},"key":"p0rJFEHUiQ"},{"type":"text","value":". El sistema tardará un rato pero al cabo de unos minutos te retornará una serie de gráficos.","position":{"start":{"line":22,"column":1},"end":{"line":22,"column":1}},"key":"De5w6tPWCJ"}],"key":"lcGA8nVHjX"},{"type":"blockquote","position":{"start":{"line":24,"column":1},"end":{"line":24,"column":1}},"children":[{"type":"paragraph","position":{"start":{"line":24,"column":1},"end":{"line":24,"column":1}},"children":[{"type":"text","value":"Es posible que recibas un mensaje de aviso, no te preocupes, en principio todo debería funcionar con normalidad.","position":{"start":{"line":24,"column":1},"end":{"line":24,"column":1}},"key":"IhXlUa5ubP"}],"key":"LA8XYYp8oW"}],"key":"iRM5IHILFf"}],"data":{"type":"notebook-content"},"key":"r49IbpBWdI"},{"type":"block","children":[{"type":"code","lang":"python","executable":true,"value":"w_rho_sensor = interactive(fn.build_random_simulations, {\"manual\": True, \"manual_name\": \"Generar simulaciones\"},\n                           n_sim=fixed(5000), n_leaf_range=fn.w_range_nleaf,\n                           cab_range=fn.w_range_cab, car_range=fn.w_range_car,\n                           ant_range=fn.w_range_ant, cbrown_range=fn.w_range_cbrown, \n                           cw_range=fn.w_range_cw, cm_range=fn.w_range_cm,\n                           lai_range=fn.w_range_lai, hotspot_range=fn.w_range_hotspot, \n                           leaf_angle_range=fn.w_range_leaf_angle, \n                           sza=fn.w_sza, vza=fn.w_vza, psi=fn.w_psi, \n                           skyl=fn.w_skyl, soil_names=fn.w_soils, sensor=fn.w_sensor)\ndisplay(w_rho_sensor)","key":"bjbTs7x2jL"},{"type":"output","id":"5Ut_AVIy2i1K7xj09Vs1K","data":[],"key":"rHrAaehZCb"}],"data":{"type":"notebook-code"},"key":"ao8Wl17spp"},{"type":"block","children":[{"type":"paragraph","position":{"start":{"line":1,"column":1},"end":{"line":1,"column":1}},"children":[{"type":"text","value":"El gráfico muestra 4 ejemplos de relaciones entre 3 índices de vegetación típicos y 4 variables biofísicas.","position":{"start":{"line":1,"column":1},"end":{"line":1,"column":1}},"key":"BzudenpUOC"}],"key":"aWrZDHFnLP"},{"type":"list","ordered":false,"spread":false,"position":{"start":{"line":3,"column":1},"end":{"line":11,"column":1}},"children":[{"type":"listItem","spread":true,"position":{"start":{"line":3,"column":1},"end":{"line":5,"column":1}},"children":[{"type":"paragraph","position":{"start":{"line":3,"column":1},"end":{"line":4,"column":1}},"children":[{"type":"text","value":"NDVI: Normalized Difference Vegetation Index. Es el índicie de vegetación más utilizado. Generalmente se relaciona con el LAI, la biomasa foliar y/o la fracción de radiación interceptada/absorbida\n","position":{"start":{"line":3,"column":1},"end":{"line":3,"column":1}},"key":"gvdhdAZ9L6"}],"key":"ZENzmFrVPe"},{"type":"math","value":"NDVI = \\frac{\\rho_{NIR} - \\rho_{R}}{\\rho_{NIR} + \\rho_{R}}","position":{"start":{"line":3,"column":1},"end":{"line":3,"column":1}},"html":"<span class=\"katex-display\"><span class=\"katex\"><span class=\"katex-mathml\"><math xmlns=\"http://www.w3.org/1998/Math/MathML\" display=\"block\"><semantics><mrow><mi>N</mi><mi>D</mi><mi>V</mi><mi>I</mi><mo>=</mo><mfrac><mrow><msub><mi>ρ</mi><mrow><mi>N</mi><mi>I</mi><mi>R</mi></mrow></msub><mo>−</mo><msub><mi>ρ</mi><mi>R</mi></msub></mrow><mrow><msub><mi>ρ</mi><mrow><mi>N</mi><mi>I</mi><mi>R</mi></mrow></msub><mo>+</mo><msub><mi>ρ</mi><mi>R</mi></msub></mrow></mfrac></mrow><annotation encoding=\"application/x-tex\">NDVI = \\frac{\\rho_{NIR} - \\rho_{R}}{\\rho_{NIR} + \\rho_{R}}</annotation></semantics></math></span><span class=\"katex-html\" aria-hidden=\"true\"><span class=\"base\"><span class=\"strut\" style=\"height:0.6833em;\"></span><span class=\"mord mathnormal\" style=\"margin-right:0.10903em;\">N</span><span class=\"mord mathnormal\" style=\"margin-right:0.02778em;\">D</span><span class=\"mord mathnormal\" style=\"margin-right:0.22222em;\">V</span><span class=\"mord mathnormal\" style=\"margin-right:0.07847em;\">I</span><span class=\"mspace\" style=\"margin-right:0.2778em;\"></span><span class=\"mrel\">=</span><span class=\"mspace\" style=\"margin-right:0.2778em;\"></span></span><span class=\"base\"><span class=\"strut\" style=\"height:2.1408em;vertical-align:-0.8804em;\"></span><span class=\"mord\"><span class=\"mopen nulldelimiter\"></span><span class=\"mfrac\"><span class=\"vlist-t vlist-t2\"><span class=\"vlist-r\"><span class=\"vlist\" style=\"height:1.2603em;\"><span style=\"top:-2.314em;\"><span class=\"pstrut\" style=\"height:3em;\"></span><span class=\"mord\"><span class=\"mord\"><span class=\"mord mathnormal\">ρ</span><span class=\"msupsub\"><span class=\"vlist-t vlist-t2\"><span class=\"vlist-r\"><span class=\"vlist\" style=\"height:0.3283em;\"><span style=\"top:-2.55em;margin-left:0em;margin-right:0.05em;\"><span class=\"pstrut\" style=\"height:2.7em;\"></span><span class=\"sizing reset-size6 size3 mtight\"><span class=\"mord mtight\"><span class=\"mord mathnormal mtight\" style=\"margin-right:0.10903em;\">N</span><span class=\"mord mathnormal mtight\" style=\"margin-right:0.07847em;\">I</span><span class=\"mord mathnormal mtight\" style=\"margin-right:0.00773em;\">R</span></span></span></span></span><span class=\"vlist-s\">​</span></span><span class=\"vlist-r\"><span class=\"vlist\" style=\"height:0.15em;\"><span></span></span></span></span></span></span><span class=\"mspace\" style=\"margin-right:0.2222em;\"></span><span class=\"mbin\">+</span><span class=\"mspace\" style=\"margin-right:0.2222em;\"></span><span class=\"mord\"><span class=\"mord mathnormal\">ρ</span><span class=\"msupsub\"><span class=\"vlist-t vlist-t2\"><span class=\"vlist-r\"><span class=\"vlist\" style=\"height:0.3283em;\"><span style=\"top:-2.55em;margin-left:0em;margin-right:0.05em;\"><span class=\"pstrut\" style=\"height:2.7em;\"></span><span class=\"sizing reset-size6 size3 mtight\"><span class=\"mord mtight\"><span class=\"mord mathnormal mtight\" style=\"margin-right:0.00773em;\">R</span></span></span></span></span><span class=\"vlist-s\">​</span></span><span class=\"vlist-r\"><span class=\"vlist\" style=\"height:0.15em;\"><span></span></span></span></span></span></span></span></span><span style=\"top:-3.23em;\"><span class=\"pstrut\" style=\"height:3em;\"></span><span class=\"frac-line\" style=\"border-bottom-width:0.04em;\"></span></span><span style=\"top:-3.677em;\"><span class=\"pstrut\" style=\"height:3em;\"></span><span class=\"mord\"><span class=\"mord\"><span class=\"mord mathnormal\">ρ</span><span class=\"msupsub\"><span class=\"vlist-t vlist-t2\"><span class=\"vlist-r\"><span class=\"vlist\" style=\"height:0.3283em;\"><span style=\"top:-2.55em;margin-left:0em;margin-right:0.05em;\"><span class=\"pstrut\" style=\"height:2.7em;\"></span><span class=\"sizing reset-size6 size3 mtight\"><span class=\"mord mtight\"><span class=\"mord mathnormal mtight\" style=\"margin-right:0.10903em;\">N</span><span class=\"mord mathnormal mtight\" style=\"margin-right:0.07847em;\">I</span><span class=\"mord mathnormal mtight\" style=\"margin-right:0.00773em;\">R</span></span></span></span></span><span class=\"vlist-s\">​</span></span><span class=\"vlist-r\"><span class=\"vlist\" style=\"height:0.15em;\"><span></span></span></span></span></span></span><span class=\"mspace\" style=\"margin-right:0.2222em;\"></span><span class=\"mbin\">−</span><span class=\"mspace\" style=\"margin-right:0.2222em;\"></span><span class=\"mord\"><span class=\"mord mathnormal\">ρ</span><span class=\"msupsub\"><span class=\"vlist-t vlist-t2\"><span class=\"vlist-r\"><span class=\"vlist\" style=\"height:0.3283em;\"><span style=\"top:-2.55em;margin-left:0em;margin-right:0.05em;\"><span class=\"pstrut\" style=\"height:2.7em;\"></span><span class=\"sizing reset-size6 size3 mtight\"><span class=\"mord mtight\"><span class=\"mord mathnormal mtight\" style=\"margin-right:0.00773em;\">R</span></span></span></span></span><span class=\"vlist-s\">​</span></span><span class=\"vlist-r\"><span class=\"vlist\" style=\"height:0.15em;\"><span></span></span></span></span></span></span></span></span></span><span class=\"vlist-s\">​</span></span><span class=\"vlist-r\"><span class=\"vlist\" style=\"height:0.8804em;\"><span></span></span></span></span></span><span class=\"mclose nulldelimiter\"></span></span></span></span></span></span>","enumerator":"1","key":"aXc4mV8BxS"}],"key":"dwjLLwi7HG"},{"type":"listItem","spread":true,"position":{"start":{"line":6,"column":1},"end":{"line":8,"column":1}},"children":[{"type":"paragraph","position":{"start":{"line":6,"column":1},"end":{"line":7,"column":1}},"children":[{"type":"text","value":"NDRE: Normalized Difference Red-Edge. Es un índicie de vegetación que usa la región del red edge, por lo que no puede calcularse para cualquier sensor. Generalmente se relaciona con la clorofila.\n","position":{"start":{"line":6,"column":1},"end":{"line":6,"column":1}},"key":"yu6hb7CzHC"}],"key":"Elis9XkcvT"},{"type":"math","value":"NDRE = \\frac{\\rho_{NIR} - \\rho_{R-E}}{\\rho_{NIR} + \\rho_{R-E}}","position":{"start":{"line":6,"column":1},"end":{"line":6,"column":1}},"html":"<span class=\"katex-display\"><span class=\"katex\"><span class=\"katex-mathml\"><math xmlns=\"http://www.w3.org/1998/Math/MathML\" display=\"block\"><semantics><mrow><mi>N</mi><mi>D</mi><mi>R</mi><mi>E</mi><mo>=</mo><mfrac><mrow><msub><mi>ρ</mi><mrow><mi>N</mi><mi>I</mi><mi>R</mi></mrow></msub><mo>−</mo><msub><mi>ρ</mi><mrow><mi>R</mi><mo>−</mo><mi>E</mi></mrow></msub></mrow><mrow><msub><mi>ρ</mi><mrow><mi>N</mi><mi>I</mi><mi>R</mi></mrow></msub><mo>+</mo><msub><mi>ρ</mi><mrow><mi>R</mi><mo>−</mo><mi>E</mi></mrow></msub></mrow></mfrac></mrow><annotation encoding=\"application/x-tex\">NDRE = \\frac{\\rho_{NIR} - \\rho_{R-E}}{\\rho_{NIR} + \\rho_{R-E}}</annotation></semantics></math></span><span class=\"katex-html\" aria-hidden=\"true\"><span class=\"base\"><span class=\"strut\" style=\"height:0.6833em;\"></span><span class=\"mord mathnormal\" style=\"margin-right:0.10903em;\">N</span><span class=\"mord mathnormal\" style=\"margin-right:0.02778em;\">D</span><span class=\"mord mathnormal\" style=\"margin-right:0.05764em;\">RE</span><span class=\"mspace\" style=\"margin-right:0.2778em;\"></span><span class=\"mrel\">=</span><span class=\"mspace\" style=\"margin-right:0.2778em;\"></span></span><span class=\"base\"><span class=\"strut\" style=\"height:2.1547em;vertical-align:-0.8943em;\"></span><span class=\"mord\"><span class=\"mopen nulldelimiter\"></span><span class=\"mfrac\"><span class=\"vlist-t vlist-t2\"><span class=\"vlist-r\"><span class=\"vlist\" style=\"height:1.2603em;\"><span style=\"top:-2.314em;\"><span class=\"pstrut\" style=\"height:3em;\"></span><span class=\"mord\"><span class=\"mord\"><span class=\"mord mathnormal\">ρ</span><span class=\"msupsub\"><span class=\"vlist-t vlist-t2\"><span class=\"vlist-r\"><span class=\"vlist\" style=\"height:0.3283em;\"><span style=\"top:-2.55em;margin-left:0em;margin-right:0.05em;\"><span class=\"pstrut\" style=\"height:2.7em;\"></span><span class=\"sizing reset-size6 size3 mtight\"><span class=\"mord mtight\"><span class=\"mord mathnormal mtight\" style=\"margin-right:0.10903em;\">N</span><span class=\"mord mathnormal mtight\" style=\"margin-right:0.07847em;\">I</span><span class=\"mord mathnormal mtight\" style=\"margin-right:0.00773em;\">R</span></span></span></span></span><span class=\"vlist-s\">​</span></span><span class=\"vlist-r\"><span class=\"vlist\" style=\"height:0.15em;\"><span></span></span></span></span></span></span><span class=\"mspace\" style=\"margin-right:0.2222em;\"></span><span class=\"mbin\">+</span><span class=\"mspace\" style=\"margin-right:0.2222em;\"></span><span class=\"mord\"><span class=\"mord mathnormal\">ρ</span><span class=\"msupsub\"><span class=\"vlist-t vlist-t2\"><span class=\"vlist-r\"><span class=\"vlist\" style=\"height:0.3283em;\"><span style=\"top:-2.55em;margin-left:0em;margin-right:0.05em;\"><span class=\"pstrut\" style=\"height:2.7em;\"></span><span class=\"sizing reset-size6 size3 mtight\"><span class=\"mord mtight\"><span class=\"mord mathnormal mtight\" style=\"margin-right:0.00773em;\">R</span><span class=\"mbin mtight\">−</span><span class=\"mord mathnormal mtight\" style=\"margin-right:0.05764em;\">E</span></span></span></span></span><span class=\"vlist-s\">​</span></span><span class=\"vlist-r\"><span class=\"vlist\" style=\"height:0.2083em;\"><span></span></span></span></span></span></span></span></span><span style=\"top:-3.23em;\"><span class=\"pstrut\" style=\"height:3em;\"></span><span class=\"frac-line\" style=\"border-bottom-width:0.04em;\"></span></span><span style=\"top:-3.677em;\"><span class=\"pstrut\" style=\"height:3em;\"></span><span class=\"mord\"><span class=\"mord\"><span class=\"mord mathnormal\">ρ</span><span class=\"msupsub\"><span class=\"vlist-t vlist-t2\"><span class=\"vlist-r\"><span class=\"vlist\" style=\"height:0.3283em;\"><span style=\"top:-2.55em;margin-left:0em;margin-right:0.05em;\"><span class=\"pstrut\" style=\"height:2.7em;\"></span><span class=\"sizing reset-size6 size3 mtight\"><span class=\"mord mtight\"><span class=\"mord mathnormal mtight\" style=\"margin-right:0.10903em;\">N</span><span class=\"mord mathnormal mtight\" style=\"margin-right:0.07847em;\">I</span><span class=\"mord mathnormal mtight\" style=\"margin-right:0.00773em;\">R</span></span></span></span></span><span class=\"vlist-s\">​</span></span><span class=\"vlist-r\"><span class=\"vlist\" style=\"height:0.15em;\"><span></span></span></span></span></span></span><span class=\"mspace\" style=\"margin-right:0.2222em;\"></span><span class=\"mbin\">−</span><span class=\"mspace\" style=\"margin-right:0.2222em;\"></span><span class=\"mord\"><span class=\"mord mathnormal\">ρ</span><span class=\"msupsub\"><span class=\"vlist-t vlist-t2\"><span class=\"vlist-r\"><span class=\"vlist\" style=\"height:0.3283em;\"><span style=\"top:-2.55em;margin-left:0em;margin-right:0.05em;\"><span class=\"pstrut\" style=\"height:2.7em;\"></span><span class=\"sizing reset-size6 size3 mtight\"><span class=\"mord mtight\"><span class=\"mord mathnormal mtight\" style=\"margin-right:0.00773em;\">R</span><span class=\"mbin mtight\">−</span><span class=\"mord mathnormal mtight\" style=\"margin-right:0.05764em;\">E</span></span></span></span></span><span class=\"vlist-s\">​</span></span><span class=\"vlist-r\"><span class=\"vlist\" style=\"height:0.2083em;\"><span></span></span></span></span></span></span></span></span></span><span class=\"vlist-s\">​</span></span><span class=\"vlist-r\"><span class=\"vlist\" style=\"height:0.8943em;\"><span></span></span></span></span></span><span class=\"mclose nulldelimiter\"></span></span></span></span></span></span>","enumerator":"2","key":"ojh7pPov0d"}],"key":"bxDWpTHsuN"},{"type":"listItem","spread":true,"position":{"start":{"line":9,"column":1},"end":{"line":11,"column":1}},"children":[{"type":"paragraph","position":{"start":{"line":9,"column":1},"end":{"line":10,"column":1}},"children":[{"type":"text","value":"NDWI: Normalized Difference Water Index. Es un índicie de vegetación que usa la región del SWIR, por lo que no puede calcularse para cualquier sensor. Generalmente se relaciona con el contenido de agua de la vegetación.\n","position":{"start":{"line":9,"column":1},"end":{"line":9,"column":1}},"key":"YTtviNjWIB"}],"key":"KhlwAc0DkB"},{"type":"math","value":"NDWI = \\frac{\\rho_{NIR} - \\rho_{SWIR}}{\\rho_{NIR} + \\rho_{SWIR}}","position":{"start":{"line":9,"column":1},"end":{"line":9,"column":1}},"html":"<span class=\"katex-display\"><span class=\"katex\"><span class=\"katex-mathml\"><math xmlns=\"http://www.w3.org/1998/Math/MathML\" display=\"block\"><semantics><mrow><mi>N</mi><mi>D</mi><mi>W</mi><mi>I</mi><mo>=</mo><mfrac><mrow><msub><mi>ρ</mi><mrow><mi>N</mi><mi>I</mi><mi>R</mi></mrow></msub><mo>−</mo><msub><mi>ρ</mi><mrow><mi>S</mi><mi>W</mi><mi>I</mi><mi>R</mi></mrow></msub></mrow><mrow><msub><mi>ρ</mi><mrow><mi>N</mi><mi>I</mi><mi>R</mi></mrow></msub><mo>+</mo><msub><mi>ρ</mi><mrow><mi>S</mi><mi>W</mi><mi>I</mi><mi>R</mi></mrow></msub></mrow></mfrac></mrow><annotation encoding=\"application/x-tex\">NDWI = \\frac{\\rho_{NIR} - \\rho_{SWIR}}{\\rho_{NIR} + \\rho_{SWIR}}</annotation></semantics></math></span><span class=\"katex-html\" aria-hidden=\"true\"><span class=\"base\"><span class=\"strut\" style=\"height:0.6833em;\"></span><span class=\"mord mathnormal\" style=\"margin-right:0.10903em;\">N</span><span class=\"mord mathnormal\" style=\"margin-right:0.02778em;\">D</span><span class=\"mord mathnormal\" style=\"margin-right:0.13889em;\">W</span><span class=\"mord mathnormal\" style=\"margin-right:0.07847em;\">I</span><span class=\"mspace\" style=\"margin-right:0.2778em;\"></span><span class=\"mrel\">=</span><span class=\"mspace\" style=\"margin-right:0.2778em;\"></span></span><span class=\"base\"><span class=\"strut\" style=\"height:2.1408em;vertical-align:-0.8804em;\"></span><span class=\"mord\"><span class=\"mopen nulldelimiter\"></span><span class=\"mfrac\"><span class=\"vlist-t vlist-t2\"><span class=\"vlist-r\"><span class=\"vlist\" style=\"height:1.2603em;\"><span style=\"top:-2.314em;\"><span class=\"pstrut\" style=\"height:3em;\"></span><span class=\"mord\"><span class=\"mord\"><span class=\"mord mathnormal\">ρ</span><span class=\"msupsub\"><span class=\"vlist-t vlist-t2\"><span class=\"vlist-r\"><span class=\"vlist\" style=\"height:0.3283em;\"><span style=\"top:-2.55em;margin-left:0em;margin-right:0.05em;\"><span class=\"pstrut\" style=\"height:2.7em;\"></span><span class=\"sizing reset-size6 size3 mtight\"><span class=\"mord mtight\"><span class=\"mord mathnormal mtight\" style=\"margin-right:0.10903em;\">N</span><span class=\"mord mathnormal mtight\" style=\"margin-right:0.07847em;\">I</span><span class=\"mord mathnormal mtight\" style=\"margin-right:0.00773em;\">R</span></span></span></span></span><span class=\"vlist-s\">​</span></span><span class=\"vlist-r\"><span class=\"vlist\" style=\"height:0.15em;\"><span></span></span></span></span></span></span><span class=\"mspace\" style=\"margin-right:0.2222em;\"></span><span class=\"mbin\">+</span><span class=\"mspace\" style=\"margin-right:0.2222em;\"></span><span class=\"mord\"><span class=\"mord mathnormal\">ρ</span><span class=\"msupsub\"><span class=\"vlist-t vlist-t2\"><span class=\"vlist-r\"><span class=\"vlist\" style=\"height:0.3283em;\"><span style=\"top:-2.55em;margin-left:0em;margin-right:0.05em;\"><span class=\"pstrut\" style=\"height:2.7em;\"></span><span class=\"sizing reset-size6 size3 mtight\"><span class=\"mord mtight\"><span class=\"mord mathnormal mtight\" style=\"margin-right:0.05764em;\">S</span><span class=\"mord mathnormal mtight\" style=\"margin-right:0.13889em;\">W</span><span class=\"mord mathnormal mtight\" style=\"margin-right:0.07847em;\">I</span><span class=\"mord mathnormal mtight\" style=\"margin-right:0.00773em;\">R</span></span></span></span></span><span class=\"vlist-s\">​</span></span><span class=\"vlist-r\"><span class=\"vlist\" style=\"height:0.15em;\"><span></span></span></span></span></span></span></span></span><span style=\"top:-3.23em;\"><span class=\"pstrut\" style=\"height:3em;\"></span><span class=\"frac-line\" style=\"border-bottom-width:0.04em;\"></span></span><span style=\"top:-3.677em;\"><span class=\"pstrut\" style=\"height:3em;\"></span><span class=\"mord\"><span class=\"mord\"><span class=\"mord mathnormal\">ρ</span><span class=\"msupsub\"><span class=\"vlist-t vlist-t2\"><span class=\"vlist-r\"><span class=\"vlist\" style=\"height:0.3283em;\"><span style=\"top:-2.55em;margin-left:0em;margin-right:0.05em;\"><span class=\"pstrut\" style=\"height:2.7em;\"></span><span class=\"sizing reset-size6 size3 mtight\"><span class=\"mord mtight\"><span class=\"mord mathnormal mtight\" style=\"margin-right:0.10903em;\">N</span><span class=\"mord mathnormal mtight\" style=\"margin-right:0.07847em;\">I</span><span class=\"mord mathnormal mtight\" style=\"margin-right:0.00773em;\">R</span></span></span></span></span><span class=\"vlist-s\">​</span></span><span class=\"vlist-r\"><span class=\"vlist\" style=\"height:0.15em;\"><span></span></span></span></span></span></span><span class=\"mspace\" style=\"margin-right:0.2222em;\"></span><span class=\"mbin\">−</span><span class=\"mspace\" style=\"margin-right:0.2222em;\"></span><span class=\"mord\"><span class=\"mord mathnormal\">ρ</span><span class=\"msupsub\"><span class=\"vlist-t vlist-t2\"><span class=\"vlist-r\"><span class=\"vlist\" style=\"height:0.3283em;\"><span style=\"top:-2.55em;margin-left:0em;margin-right:0.05em;\"><span class=\"pstrut\" style=\"height:2.7em;\"></span><span class=\"sizing reset-size6 size3 mtight\"><span class=\"mord mtight\"><span class=\"mord mathnormal mtight\" style=\"margin-right:0.05764em;\">S</span><span class=\"mord mathnormal mtight\" style=\"margin-right:0.13889em;\">W</span><span class=\"mord mathnormal mtight\" style=\"margin-right:0.07847em;\">I</span><span class=\"mord mathnormal mtight\" style=\"margin-right:0.00773em;\">R</span></span></span></span></span><span class=\"vlist-s\">​</span></span><span class=\"vlist-r\"><span class=\"vlist\" style=\"height:0.15em;\"><span></span></span></span></span></span></span></span></span></span><span class=\"vlist-s\">​</span></span><span class=\"vlist-r\"><span class=\"vlist\" style=\"height:0.8804em;\"><span></span></span></span></span></span><span class=\"mclose nulldelimiter\"></span></span></span></span></span></span>","enumerator":"3","key":"rFA834vmHM"}],"key":"eMcGlXQaV7"}],"key":"BUCMykyWGE"},{"type":"paragraph","position":{"start":{"line":12,"column":1},"end":{"line":12,"column":1}},"children":[{"type":"text","value":"Las simulaciones se han guardado en un archivo prosail_simulations.csv en la carpeta ","position":{"start":{"line":12,"column":1},"end":{"line":12,"column":1}},"key":"NVAm9iAAwZ"},{"type":"link","url":"./output/prosail_simulations.csv","position":{"start":{"line":12,"column":1},"end":{"line":12,"column":1}},"children":[{"type":"text","value":"./output","position":{"start":{"line":12,"column":1},"end":{"line":12,"column":1}},"key":"mphCA2B9mn"}],"urlSource":"./output/prosail_simulations.csv","key":"w6rDwlsyct"},{"type":"text","value":". Descargate este archivo y calcula distintos índices de vegetación e intenta desarrollar relaciones y modelos estadísticos entre las bandas o índices de vegetación y los parámetros biofísicos. Para ello puedes usar cualquier software con el que estés habituado a trabajar (Excel, R, SPSS, ...).","position":{"start":{"line":12,"column":1},"end":{"line":12,"column":1}},"key":"NNOnaEiFI2"}],"key":"YB5vNnScRs"},{"type":"paragraph","position":{"start":{"line":14,"column":1},"end":{"line":14,"column":1}},"children":[{"type":"text","value":"Puedes realizar tantas simulaciones como consideres necesarias,  por ejemplo variando el sensor o modificando los rangos plausibles para cubrir distintos tipos funcionales de vegetación. Tan sólo ten en cuenta que cada vez que se genere una simulación el archivo csv se sobreesecribirá. ","position":{"start":{"line":14,"column":1},"end":{"line":14,"column":1}},"key":"WbpFqiRrrL"},{"type":"strong","position":{"start":{"line":14,"column":1},"end":{"line":14,"column":1}},"children":[{"type":"text","value":"Por lo que descárcatelo o haz una copia en tu carpeta virtual antes de volver a ejectura las nuevas simulaciones","position":{"start":{"line":14,"column":1},"end":{"line":14,"column":1}},"key":"T3rKzubFaU"}],"key":"WT9eCcd568"},{"type":"text","value":".","position":{"start":{"line":14,"column":1},"end":{"line":14,"column":1}},"key":"NiH6PX2vmE"}],"key":"FQRchCwp6b"}],"data":{"type":"notebook-content"},"key":"Sk1NR2fPOE"},{"type":"block","children":[{"type":"heading","depth":2,"position":{"start":{"line":1,"column":1},"end":{"line":1,"column":1}},"children":[{"type":"text","value":"Conclusiones","position":{"start":{"line":1,"column":1},"end":{"line":1,"column":1}},"key":"qwR8phooUw"}],"identifier":"conclusiones","label":"Conclusiones","html_id":"conclusiones","implicit":true,"key":"SF4E0zK9rQ"},{"type":"paragraph","position":{"start":{"line":2,"column":1},"end":{"line":2,"column":1}},"children":[{"type":"text","value":"En esta práctica hemos visto cómo el espectro de la vegetación responde a las variables biofísicas de la superfice.","position":{"start":{"line":2,"column":1},"end":{"line":2,"column":1}},"key":"EbJ3NABhuf"}],"key":"bH3Sckcwsp"},{"type":"list","ordered":false,"spread":false,"position":{"start":{"line":4,"column":1},"end":{"line":9,"column":1}},"children":[{"type":"listItem","spread":true,"position":{"start":{"line":4,"column":1},"end":{"line":4,"column":1}},"children":[{"type":"text","value":"El LAI es probablemente la variable que influya más en la respuesta espectral de la vegetación.","position":{"start":{"line":4,"column":1},"end":{"line":4,"column":1}},"key":"uKgiJAXwB1"}],"key":"hIs5cv4UaG"},{"type":"listItem","spread":true,"position":{"start":{"line":5,"column":1},"end":{"line":5,"column":1}},"children":[{"type":"text","value":"La concentración de clorofila en la hoja influye sobre todo en la región del visible y del ","position":{"start":{"line":5,"column":1},"end":{"line":5,"column":1}},"key":"YSy26gC0xV"},{"type":"emphasis","position":{"start":{"line":5,"column":1},"end":{"line":5,"column":1}},"children":[{"type":"text","value":"red-edge","position":{"start":{"line":5,"column":1},"end":{"line":5,"column":1}},"key":"fo0Td7aQAa"}],"key":"SE5SekJCmQ"},{"type":"text","value":".","position":{"start":{"line":5,"column":1},"end":{"line":5,"column":1}},"key":"cNEvwnYrRl"}],"key":"JnIuPwQSX5"},{"type":"listItem","spread":true,"position":{"start":{"line":6,"column":1},"end":{"line":6,"column":1}},"children":[{"type":"text","value":"El contenido de agua y el peso específico de la hora influyen sobre todo a partir del NIR.","position":{"start":{"line":6,"column":1},"end":{"line":6,"column":1}},"key":"TIIdOv8ISi"}],"key":"GfkXrut9Tp"},{"type":"listItem","spread":true,"position":{"start":{"line":7,"column":1},"end":{"line":7,"column":1}},"children":[{"type":"text","value":"La geometría de observación e iluminación, así como la respuesta espectral del suelo, influyen también en la señal. Esto hace que sea difícil aplicar una relación universal a la hora de estimar un parámetro biofísico.","position":{"start":{"line":7,"column":1},"end":{"line":7,"column":1}},"key":"CqRZ2fZtMS"}],"key":"odr6xSbDdG"},{"type":"listItem","spread":true,"position":{"start":{"line":8,"column":1},"end":{"line":8,"column":1}},"children":[{"type":"text","value":"Los modelos de transferencia radiativa pueden ayudar a estimar estos parámetros. Si bien idealmente es necesario disponer de datos de campo para realizar tareas de validación y/o calibración estadística.","position":{"start":{"line":8,"column":1},"end":{"line":8,"column":1}},"key":"F1qkGgN3hl"}],"key":"DSPT8UmMME"},{"type":"listItem","spread":true,"position":{"start":{"line":9,"column":1},"end":{"line":9,"column":1}},"children":[{"type":"text","value":"Los sensores muestrean una parte del espectro en torno a bandas espectrales específicas. Por tanto una relación empírica desarrollada para un sensor específico puede que no sea aplicable o válida para otro sensor.","position":{"start":{"line":9,"column":1},"end":{"line":9,"column":1}},"key":"s7MBw0eOW8"}],"key":"Sd3BepLUHt"}],"key":"cbtZmy3ecc"}],"data":{"type":"notebook-content"},"key":"LzOd7aKRhh"}],"key":"g6qykFRuK2"},"references":{"cite":{"order":[],"data":{}}}}