{"kind":"Article","sha256":"ec5bd512a062599860a97056bcb96c9bc101272f7bfad1e9e5c8dfe41c97ffef","slug":"intro","location":"/intro.md","dependencies":[],"frontmatter":{"title":"Welcome to your Jupyter Book","content_includes_title":false,"open_access":true,"license":{"content":{"id":"CC-BY-4.0","name":"Creative Commons Attribution 4.0 International","free":true,"CC":true,"url":"https://creativecommons.org/licenses/by/4.0/"}},"exports":[{"format":"md","filename":"intro.md","url":"/intro-b76350951ccf6aefe1d6da5eeb8acdc8.md"}]},"mdast":{"type":"root","children":[{"type":"block","children":[{"type":"paragraph","position":{"start":{"line":3,"column":1},"end":{"line":6,"column":1}},"children":[{"type":"text","value":"This is a book to give you a feel for how book content is\nstructured.\nIt shows off a few of the major file types, as well as some sample content.\nIt does not go in-depth into any particular topic - check out ","position":{"start":{"line":3,"column":1},"end":{"line":3,"column":1}},"key":"gw2bFztzkX"},{"type":"link","url":"https://jupyterbook.org","position":{"start":{"line":3,"column":1},"end":{"line":3,"column":1}},"children":[{"type":"text","value":"the Jupyter Book documentation","position":{"start":{"line":3,"column":1},"end":{"line":3,"column":1}},"key":"abnhdYuyPR"}],"urlSource":"https://jupyterbook.org","key":"qTdREfG2z2"},{"type":"text","value":" for more information.","position":{"start":{"line":3,"column":1},"end":{"line":3,"column":1}},"key":"EGKaxRHgJL"}],"key":"NKy0rigphR"},{"type":"paragraph","position":{"start":{"line":8,"column":1},"end":{"line":8,"column":1}},"children":[{"type":"text","value":"Check out the content pages bundled with this sample book to see more.","position":{"start":{"line":8,"column":1},"end":{"line":8,"column":1}},"key":"ZmVRtYzbeX"}],"key":"BafYyGxME4"},{"type":"mystDirective","name":"tableofcontents","position":{"start":{"line":10,"column":1},"end":{"line":11,"column":1}},"key":"xmorZy4glg"}],"key":"o80S1Fv5mA"}],"key":"MINT6XyOS5"},"references":{"cite":{"order":[],"data":{}}}}